{
  "80x144": {
    "pt_ms": 1069.638967514038,
    "mlx_ms": 221.21787071228027
  },
  "160x288": {
    "pt_ms": 2250.636100769043,
    "mlx_ms": 934.359073638916
  },
  "240x432": {
    "pt_ms": 4787.425756454468,
    "mlx_ms": 6226.044178009033
  },
  "288x512": {
    "pt_ms": 7060.66107749939,
    "mlx_ms": 7753.283739089966
  }
}